path	bytes	mtime_utc	sha256	classification
/data/share8/michaelvuaprilexperimentation/arc-bot/ml/experiments/v34-latency-first-expert-iteration/artifacts/phase2-analysis.stdout	0	2026-07-14T17:04:28.274460947Z	e3b0c44298fc1c149afbf4c8996fb92427ae41e4649b934ca495991b7852b855	attempt-1-empty-stdout
/tmp/simforge-cq1-behavior-v9/post/gpu0-probe.json	4743	2026-07-14T17:05:05.000000000Z	b6cb70cd306634a9645dc665baa3860b7001bd68968ce69402dda51e30167489	unrelated-concurrent-simforge-cq1
/tmp/simforge-cq1-behavior-v9/post/gpu0-runtime.json	9577	2026-07-14T17:05:05.000000000Z	305a2bb101b1c1634f971521917aa325de61b803da133b35e9896737ac3b0cdc	unrelated-concurrent-simforge-cq1
/tmp/simforge-cq1-behavior-v9/post/gpu1-probe.json	4742	2026-07-14T17:05:07.000000000Z	5dfb50bdbd13ec4da457f4eb57b23489663c4279c30491740d79c935cfe28e32	unrelated-concurrent-simforge-cq1
/tmp/simforge-cq1-behavior-v9/post/gpu1-runtime.json	9575	2026-07-14T17:05:07.000000000Z	2fde568f64139789e037dd0bbabc5c5dd5f71881d94ef250eaaf1a9fdc193693	unrelated-concurrent-simforge-cq1
/tmp/simforge-cq1-behavior-v9/post/gpu2-probe.json	4743	2026-07-14T17:05:08.000000000Z	6c941172a3ec86ab78163446cf4034116414931dc00a6b2208c7657a9a4a0e0f	unrelated-concurrent-simforge-cq1
/tmp/simforge-cq1-behavior-v9/post/gpu2-runtime.json	9576	2026-07-14T17:05:08.000000000Z	08af88574354b20cea72f0cf3fbd3afc07396ea5bb45603c721f8f9bbccc38fa	unrelated-concurrent-simforge-cq1
/tmp/simforge-cq1-behavior-v9/post/gpu3-probe.json	4739	2026-07-14T17:05:09.000000000Z	9ce3819a1ef85a900068919352c01d210781ea51a92e7b644dec0d7f265ec39f	unrelated-concurrent-simforge-cq1
/tmp/simforge-cq1-behavior-v9/post/gpu3-runtime.json	9573	2026-07-14T17:05:09.000000000Z	5f22f3d9cdb251ba7db3f4c7727433b3e7ec4e24cf5472ad63c97103c90eadc7	unrelated-concurrent-simforge-cq1
/home/ubuntu/.cache/BraveSoftware/Brave-Browser/Default/Cache/Cache_Data/0cd3e3a7f8fb0ce2_0	3581	2026-07-14T17:04:39.553448381Z	7888b77196a7723d6c2bf0a0fb099846de2926920b5496e8f9e30aabbcda929f	unrelated-background-browser-cache
/home/ubuntu/.cache/BraveSoftware/Brave-Browser/Default/Cache/Cache_Data/3dc353a662b4ac41_0	3581	2026-07-14T17:04:39.554448380Z	dbbd8c034a38e2a2c4d63774e09b3d2013db45548a20effa55ee2f0932c9224c	unrelated-background-browser-cache
/home/ubuntu/.cache/BraveSoftware/Brave-Browser/Default/Cache/Cache_Data/542a83d7ee3a3a91_0	3581	2026-07-14T17:04:39.554448380Z	f80e4ab1cc7bfa57cfba9bccda3b63e9e1e1a643e9f4a10ede82fb7c32db96d1	unrelated-background-browser-cache
/home/ubuntu/.cache/BraveSoftware/Brave-Browser/Default/Cache/Cache_Data/8335f09d3991f31e_0	3581	2026-07-14T17:04:48.092438644Z	8461b8d0bb5e1014217194898008aad89808a43c37ee8fb52b1df095a4002293	unrelated-background-browser-cache
/home/ubuntu/.cache/BraveSoftware/Brave-Browser/Default/Cache/Cache_Data/85c3cae5f8888985_0	3581	2026-07-14T17:04:48.093438643Z	ba25ba7c439c2bf5ccb2c9947fc24643fad8178680de0ba20dc12406907e45ae	unrelated-background-browser-cache
/home/ubuntu/.cache/BraveSoftware/Brave-Browser/Default/Cache/Cache_Data/b9beabff2db461cb_0	3581	2026-07-14T17:04:48.093438643Z	32202878738e19cde1cea897d87de84fe46035dc5a8e26ae09c9b61a6584174f	unrelated-background-browser-cache
/home/ubuntu/.cache/BraveSoftware/Brave-Browser/Default/Cache/Cache_Data/d3dd5ce6aaaabd34_0	3581	2026-07-14T17:04:48.093438643Z	a3ec44b89add10ce8580299f2b915fccafa1309dd9acb2af4e9b11d2ae2f11b5	unrelated-background-browser-cache
/home/ubuntu/.cache/BraveSoftware/Brave-Browser/Default/Cache/Cache_Data/5493e0a396784ca4_0	3581	2026-07-14T17:06:40.559293907Z	0fb62f8142630bc3208566bb42c963a3ebebd248b9e5c8cd2615cd6d63e79ecd	unrelated-background-browser-cache
/home/ubuntu/.cache/BraveSoftware/Brave-Browser/Default/Cache/Cache_Data/e2b81e2638c81954_0	3581	2026-07-14T17:06:40.559293907Z	b4924115ef35699fdcac09a14f13c012077c2f255ab116eb21c4d242d897f8c0	unrelated-background-browser-cache
/home/ubuntu/.cache/BraveSoftware/Brave-Browser/Default/Cache/Cache_Data/e498677f23f6e343_0	3581	2026-07-14T17:06:40.559293907Z	84a5a5f27578d75cb6fec023f7cc3bd0114b8c9018ebe2e87b7a2429acaa74e5	unrelated-background-browser-cache
